75,0;3,4;178,9;146,9;0;Yes;No;1;5
75,0;-3,4;181,1;146,9;0;Yes;No;1;5
73,9;14,9;175,0;145,3;0;Yes;No;1;5
73,9;-14,9;185,0;145,3;0;Yes;No;1;5
73,1;11,2;176,3;144,7;0;Yes;No;1;5
73,1;-11,2;183,7;144,7;0;Yes;No;1;5
72,5;7,5;177,6;144,3;0;Yes;No;1;5
72,5;-7,5;182,4;144,3;0;Yes;No;1;5
72,1;3,7;178,8;144,1;0;Yes;No;1;5
72,1;-3,7;181,2;144,1;0;Yes;No;1;5
72,0;0,0;180,0;144,0;0;Yes;No;1;5
69,2;-3,5;181,1;141,2;0;Yes;No;1;5
69,2;3,5;178,9;141,2;0;Yes;No;1;5
66,8;-2,7;180,9;138,7;0;Yes;No;1;5
66,8;2,7;179,1;138,7;0;Yes;No;1;5
66,7;-7,0;182,3;138,6;0;Yes;No;1;5
66,7;7,0;177,7;138,6;0;Yes;No;1;5
65,1;1,5;179,5;137,1;0;Yes;No;1;5
65,1;-1,5;180,5;137,1;0;Yes;No;1;5
73,9;-5,1;182,6;136,8;0;Yes;No;1;5
73,9;5,1;177,4;136,8;0;Yes;No;1;5
64,5;0,0;180,0;136,5;0;Yes;No;1;5
64,4;-10,7;183,5;136,1;0;Yes;No;1;5
64,4;10,7;176,5;136,1;0;Yes;No;1;5
72,9;10,0;174,8;135,5;0;Yes;No;1;5
72,9;-10,0;185,2;135,5;0;Yes;No;1;5
62,4;-14,3;184,8;133,8;0;Yes;No;1;5
62,4;14,3;175,2;133,8;0;Yes;No;1;5
61,7;-5,5;181,8;133,6;0;Yes;No;1;5
61,7;5,5;178,2;133,6;0;Yes;No;1;5
70,5;0,0;180,0;133,5;0;Yes;No;1;5
70,0;1,4;179,3;132,9;0;Yes;No;1;5
70,0;-1,4;180,7;132,9;0;Yes;No;1;5
69,3;-6,8;183,5;132,1;0;Yes;No;1;5
69,3;6,8;176,5;132,1;0;Yes;No;1;5
72,2;25,6;165,9;131,9;0;Yes;No;1;5
72,2;-25,6;194,1;131,9;0;Yes;No;1;5
60,6;18,0;173,9;131,6;0;Yes;No;1;5
60,6;-18,0;186,1;131,6;0;Yes;No;1;5
68,4;2,6;178,7;131,4;0;Yes;No;1;5
68,4;-2,6;181,3;131,4;0;Yes;No;1;5
69,7;22,1;168,1;130,4;0;Yes;No;1;5
69,7;-22,1;191,9;130,4;0;Yes;No;1;5
58,2;3,0;179,0;130,2;0;Yes;No;1;5
58,2;-3,0;181,0;130,2;0;Yes;No;1;5
59,2;21,8;172,5;129,7;0;Yes;No;1;5
59,2;-21,8;187,5;129,7;0;Yes;No;1;5
67,7;18,5;170,2;129,1;0;Yes;No;1;5
67,7;-18,5;189,8;129,1;0;Yes;No;1;5
57,0;0,0;180,0;129,0;0;Yes;No;1;5
66,0;3,4;178,3;129,0;0;Yes;No;1;5
66,0;-3,4;181,7;129,0;0;Yes;No;1;5
56,7;8,4;177,3;128,5;0;Yes;No;1;5
56,7;-8,4;182,7;128,5;0;Yes;No;1;5
58,1;-25,6;189,0;128,0;0;Yes;No;1;5
58,1;25,6;171,0;128,0;0;Yes;No;1;5
66,0;-14,9;187,8;128,0;0;Yes;No;1;5
66,0;14,9;172,2;128,0;0;Yes;No;1;5
64,7;11,2;174,2;127,1;0;Yes;No;1;5
64,7;-11,2;185,8;127,1;0;Yes;No;1;5
57,4;29,5;169,4;126,6;0;Yes;No;1;5
57,4;-29,5;190,6;126,6;0;Yes;No;1;5
63,8;7,5;176,2;126,5;0;Yes;No;1;5
63,8;-7,5;183,8;126,5;0;Yes;No;1;5
63,2;-3,7;181,9;126,1;0;Yes;No;1;5
63,2;3,7;178,1;126,1;0;Yes;No;1;5
63,0;0,0;180,0;126,0;0;Yes;No;1;5
73,2;15,7;168,2;125,6;0;Yes;No;1;5
73,2;-15,7;191,8;125,6;0;Yes;No;1;5
57,0;33,3;167,7;125,3;0;Yes;No;1;5
57,0;-33,3;192,3;125,3;0;Yes;No;1;5
70,9;-7,2;185,3;124,6;0;Yes;No;1;5
70,9;7,2;174,7;124,6;0;Yes;No;1;5
57,2;37,2;165,7;124,4;0;Yes;No;1;5
57,2;-37,2;194,3;124,4;0;Yes;No;1;5
57,8;41,1;163,5;123,6;0;Yes;No;1;5
52,0;11,4;176,2;123,6;0;Yes;No;1;5
52,0;-11,4;183,8;123,6;0;Yes;No;1;5
57,8;-41,1;196,5;123,6;0;Yes;No;1;5
51,4;4,6;178,5;123,3;0;Yes;No;1;5
51,4;-4,6;181,5;123,3;0;Yes;No;1;5
59,1;44,9;161,1;123,2;0;Yes;No;1;5
59,1;-44,9;198,9;123,2;0;Yes;No;1;5
60,3;3,5;178,2;123,2;0;Yes;No;1;5
60,3;-3,5;181,8;123,2;0;Yes;No;1;5
69,0;-0,0;180,0;123,0;0;Yes;No;1;5
63,5;-52,5;205,0;123,0;0;Yes;No;1;5
60,9;48,7;158,3;123,0;0;Yes;No;1;5
60,9;-48,7;201,7;123,0;0;Yes;No;1;5
63,5;52,5;155,0;123,0;0;Yes;No;1;5
68,0;2,6;178,1;121,9;0;Yes;No;1;5
68,0;-2,6;181,9;121,9;0;Yes;No;1;5
68,7;-12,8;189,5;121,6;0;Yes;No;1;5
68,7;12,8;170,5;121,6;0;Yes;No;1;5
49,5;0,0;180,0;121,5;0;Yes;No;1;5
57,8;2,7;178,6;120,8;0;Yes;No;1;5
57,8;-2,7;181,4;120,8;0;Yes;No;1;5
57,9;-7,1;183,6;120,7;0;Yes;No;1;5
57,9;7,1;176,4;120,7;0;Yes;No;1;5
75,0;0,0;180,0;120,0;0;Yes;No;1;5
56,1;1,5;179,2;119,1;0;Yes;No;1;5
56,1;-1,5;180,8;119,1;0;Yes;No;1;5
65,1;5,0;176,4;118,9;0;Yes;No;1;5
65,1;-5,0;183,6;118,9;0;Yes;No;1;5
47,5;14,5;175,2;118,8;0;Yes;No;1;5
47,5;-14,5;184,8;118,8;0;Yes;No;1;5
70,6;-28,0;202,8;118,8;0;Yes;No;1;5
70,6;28,0;157,2;118,8;0;Yes;No;1;5
55,5;-0,0;180,0;118,5;0;Yes;No;1;5
56,0;10,8;174,4;118,4;0;Yes;No;1;5
56,0;-10,8;185,6;118,4;0;Yes;No;1;5
73,3;4,7;175,3;118,1;0;Yes;No;1;5
73,3;-4,7;184,7;118,1;0;Yes;No;1;5
64,5;-9,8;187,2;117,9;0;Yes;No;1;5
64,5;9,8;172,8;117,9;0;Yes;No;1;5
44,7;-6,4;182,1;116,5;0;Yes;No;1;5
44,7;6,4;177,9;116,5;0;Yes;No;1;5
66,8;-24,9;199,7;116,4;0;Yes;No;1;5
54,4;14,5;172,4;116,4;0;Yes;No;1;5
54,4;-14,5;187,6;116,4;0;Yes;No;1;5
66,8;24,9;160,3;116,4;0;Yes;No;1;5
52,8;5,6;177,1;115,7;0;Yes;No;1;5
52,8;-5,6;182,9;115,7;0;Yes;No;1;5
61,5;-0,0;180,0;115,5;0;Yes;No;1;5
61,0;-1,4;181,0;115,0;0;Yes;No;1;5
61,0;1,4;179,0;115,0;0;Yes;No;1;5
53,3;18,3;170,3;114,7;0;Yes;No;1;5
53,3;-18,3;189,7;114,7;0;Yes;No;1;5
60,6;6,7;175,1;114,3;0;Yes;No;1;5
60,6;-6,7;184,9;114,3;0;Yes;No;1;5
43,2;-17,8;186,0;114,2;0;Yes;No;1;5
63,4;-21,6;196,7;114,2;0;Yes;No;1;5
43,2;17,8;174,0;114,2;0;Yes;No;1;5
63,4;21,6;163,3;114,2;0;Yes;No;1;5
42,0;0,0;180,0;114,0;0;Yes;No;1;5
59,4;-2,6;181,9;113,4;0;Yes;No;1;5
59,4;2,6;178,1;113,4;0;Yes;No;1;5
71,1;-17,4;198,3;113,3;0;Yes;No;1;5
52,6;22,2;168,0;113,3;0;Yes;No;1;5
52,6;-22,2;192,0;113,3;0;Yes;No;1;5
71,1;17,4;161,7;113,3;0;Yes;No;1;5
68,5;8,9;170,9;112,8;0;Yes;No;1;5
68,5;-8,9;189,1;112,8;0;Yes;No;1;5
65,3;48,1;145,4;112,5;0;Yes;No;1;5
65,3;-48,1;214,6;112,5;0;Yes;No;1;5
67,5;0,0;180,0;112,5;0;Yes;No;1;5
60,6;18,2;166,1;112,4;0;Yes;No;1;5
60,6;-18,2;193,9;112,4;0;Yes;No;1;5
52,5;-26,0;194,4;112,2;0;Yes;No;1;5
52,5;26,0;165,6;112,2;0;Yes;No;1;5
49,3;-3,1;181,6;112,2;0;Yes;No;1;5
49,3;3,1;178,4;112,2;0;Yes;No;1;5
61,3;44,7;149,7;111,6;0;Yes;No;1;5
61,3;-44,7;210,3;111,6;0;Yes;No;1;5
53,0;-29,9;197,0;111,4;0;Yes;No;1;5
53,0;29,9;163,0;111,4;0;Yes;No;1;5
57,1;-3,4;182,5;111,0;0;Yes;No;1;5
66,2;-3,7;183,7;111,0;0;Yes;No;1;5
58,1;-41,2;206,5;111,0;0;Yes;No;1;5
58,1;41,2;153,5;111,0;0;Yes;No;1;5
66,2;3,7;176,3;111,0;0;Yes;No;1;5
57,1;3,4;177,5;111,0;0;Yes;No;1;5
48,0;-0,0;180,0;111,0;0;Yes;No;1;5
54,0;33,7;160,1;110,9;0;Yes;No;1;5
54,0;-33,7;199,9;110,9;0;Yes;No;1;5
55,7;37,5;157,0;110,8;0;Yes;No;1;5
55,7;-37,5;203,0;110,8;0;Yes;No;1;5
58,2;14,7;169,0;110,8;0;Yes;No;1;5
58,2;-14,7;191,0;110,8;0;Yes;No;1;5
48,1;8,6;175,6;110,8;0;Yes;No;1;5
48,1;-8,6;184,4;110,8;0;Yes;No;1;5
39,2;-21,3;187,3;109,9;0;Yes;No;1;5
39,2;21,3;172,7;109,9;0;Yes;No;1;5
38,0;8,2;177,3;109,8;0;Yes;No;1;5
38,0;-8,2;182,7;109,8;0;Yes;No;1;5
56,4;11,1;171,8;109,6;0;Yes;No;1;5
56,4;-11,1;188,2;109,6;0;Yes;No;1;5
73,5;0,0;180,0;109,5;0;Yes;No;1;5
55,1;7,5;174,5;108,7;0;Yes;No;1;5
55,1;-7,5;185,5;108,7;0;Yes;No;1;5
65,8;-15,0;195,5;108,7;0;Yes;No;1;5
65,8;15,0;164,5;108,7;0;Yes;No;1;5
54,3;-3,7;182,7;108,2;0;Yes;No;1;5
54,3;3,7;177,3;108,2;0;Yes;No;1;5
72,0;29,1;146,3;108,0;0;Yes;No;1;5
72,0;-29,1;213,7;108,0;0;Yes;No;1;5
54,0;-0,0;180,0;108,0;0;Yes;No;1;5
73,5;-11,3;196,0;107,9;0;Yes;No;1;5
73,5;11,3;164,0;107,9;0;Yes;No;1;5
71,8;-5,1;187,1;107,5;0;Yes;No;1;5
71,8;5,1;172,9;107,5;0;Yes;No;1;5
62,3;-7,0;187,0;106,8;0;Yes;No;1;5
62,3;7,0;173,0;106,8;0;Yes;No;1;5
34,5;0,0;180,0;106,5;0;Yes;No;1;5
43,7;11,8;173,9;106,0;0;Yes;No;1;5
43,7;-11,8;186,1;106,0;0;Yes;No;1;5
35,6;-25,0;188,7;105,7;0;Yes;No;1;5
35,6;25,0;171,3;105,7;0;Yes;No;1;5
42,5;-4,8;182,5;105,4;0;Yes;No;1;5
42,5;4,8;177,5;105,4;0;Yes;No;1;5
51,4;3,5;177,4;105,3;0;Yes;No;1;5
51,4;-3,5;182,6;105,3;0;Yes;No;1;5
60,0;0,0;180,0;105,0;0;Yes;No;1;5
66,7;26,6;150,0;104,5;0;Yes;No;1;5
66,7;-26,6;210,0;104,5;0;Yes;No;1;5
60,8;12,4;167,3;104,4;0;Yes;No;1;5
60,8;-12,4;192,7;104,4;0;Yes;No;1;5
59,0;-2,6;182,6;104,0;0;Yes;No;1;5
59,0;2,6;177,4;104,0;0;Yes;No;1;5
40,5;-0,0;180,0;103,5;0;Yes;No;1;5
31,4;-10,2;183,4;103,1;0;Yes;No;1;5
31,4;10,2;176,6;103,1;0;Yes;No;1;5
49,2;7,2;174,8;102,9;0;Yes;No;1;5
49,2;-7,2;185,2;102,9;0;Yes;No;1;5
48,8;-2,7;182,0;102,8;0;Yes;No;1;5
48,8;2,7;178,0;102,8;0;Yes;No;1;5
70,7;17,9;153,5;102,5;0;Yes;No;1;5
70,7;-17,9;206,5;102,5;0;Yes;No;1;5
66,0;-0,0;180,0;102,0;0;Yes;No;1;5
32,5;-28,8;190,3;101,8;0;Yes;No;1;5
32,5;28,8;169,7;101,8;0;Yes;No;1;5
66,8;9,9;166,1;101,5;0;Yes;No;1;5
66,8;-9,9;193,9;101,5;0;Yes;No;1;5
39,6;-15,2;187,9;101,5;0;Yes;No;1;5
39,6;15,2;172,1;101,5;0;Yes;No;1;5
61,9;23,9;153,8;101,3;0;Yes;No;1;5
61,9;-23,9;206,2;101,3;0;Yes;No;1;5
64,9;-43,1;222,9;101,2;0;Yes;No;1;5
64,9;43,1;137,1;101,2;0;Yes;No;1;5
47,1;1,5;178,9;101,1;0;Yes;No;1;5
47,1;-1,5;181,1;101,1;0;Yes;No;1;5
56,2;4,9;175,1;101,0;0;Yes;No;1;5
56,2;-4,9;184,9;101,0;0;Yes;No;1;5
47,6;-10,9;188,0;100,9;0;Yes;No;1;5
47,6;10,9;172,0;100,9;0;Yes;No;1;5
46,5;-0,0;180,0;100,5;0;Yes;No;1;5
64,5;4,3;174,0;100,3;0;Yes;No;1;5
64,5;-4,3;186,0;100,3;0;Yes;No;1;5
56,1;9,6;170,3;100,3;0;Yes;No;1;5
56,1;-9,6;189,7;100,3;0;Yes;No;1;5
59,8;40,2;142,1;99,5;0;Yes;No;1;5
59,8;-40,2;217,9;99,5;0;Yes;No;1;5
46,7;-14,7;191,0;99,2;0;Yes;No;1;5
46,7;14,7;169,0;99,2;0;Yes;No;1;5
27,0;0,0;180,0;99,0;0;Yes;No;1;5
72,0;0,0;180,0;99,0;0;Yes;No;1;5
35,9;6,7;176,6;98,7;0;Yes;No;1;5
35,9;-6,7;183,4;98,7;0;Yes;No;1;5
57,6;-20,9;202,5;98,4;0;Yes;No;1;5
57,6;20,9;157,5;98,4;0;Yes;No;1;5
29,8;32,8;167,9;98,2;0;Yes;No;1;5
55,6;37,0;146,8;98,2;0;Yes;No;1;5
29,8;-32,8;192,1;98,2;0;Yes;No;1;5
55,6;-37,0;213,2;98,2;0;Yes;No;1;5
46,3;18,6;165,9;98,0;0;Yes;No;1;5
46,3;-18,6;194,1;98,0;0;Yes;No;1;5
73,0;-10,9;202,1;97,8;0;Yes;No;1;5
73,0;10,9;157,9;97,8;0;Yes;No;1;5
44,0;-5,7;184,1;97,8;0;Yes;No;1;5
44,0;5,7;175,9;97,8;0;Yes;No;1;5
52,5;0,0;180,0;97,5;0;Yes;No;1;5
36,0;-18,7;189,9;97,3;0;Yes;No;1;5
36,0;18,7;170,1;97,3;0;Yes;No;1;5
52,2;-33,6;208,8;97,3;0;Yes;No;1;5
52,2;33,6;151,2;97,3;0;Yes;No;1;5
46,7;-22,4;197,4;97,2;0;Yes;No;1;5
46,7;22,4;162,6;97,2;0;Yes;No;1;5
64,5;-16,1;203,4;97,2;0;Yes;No;1;5
64,5;16,1;156,6;97,2;0;Yes;No;1;5
52,0;-1,4;181,4;97,0;0;Yes;No;1;5
52,0;1,4;178,6;97,0;0;Yes;No;1;5
70,4;-5,1;190,1;97,0;0;Yes;No;1;5
70,4;5,1;169,9;97,0;0;Yes;No;1;5
49,5;30,0;155,2;96,8;0;Yes;No;1;5
47,7;-26,2;201,0;96,8;0;Yes;No;1;5
49,5;-30,0;204,8;96,8;0;Yes;No;1;5
47,7;26,2;159,0;96,8;0;Yes;No;1;5
25,0;-12,5;184,1;96,5;0;Yes;No;1;5
51,9;6,6;173,4;96,5;0;Yes;No;1;5
51,9;-6,6;186,6;96,5;0;Yes;No;1;5
25,0;12,5;175,9;96,5;0;Yes;No;1;5
33,0;-0,0;180,0;96,0;0;Yes;No;1;5
53,9;-17,8;198,8;95,9;0;Yes;No;1;5
53,9;17,8;161,3;95,9;0;Yes;No;1;5
69,8;26,2;137,4;95,5;0;Yes;No;1;5
69,8;-26,2;222,6;95,5;0;Yes;No;1;5
50,5;-2,5;182,5;95,4;0;Yes;No;1;5
50,5;2,5;177,5;95,4;0;Yes;No;1;5
60,1;-8,4;191,7;95,3;0;Yes;No;1;5
60,1;8,4;168,3;95,3;0;Yes;No;1;5
27,7;37,0;165,8;95,0;0;Yes;No;1;5
27,7;-37,0;194,2;95,0;0;Yes;No;1;5
58,5;0,0;180,0;94,5;0;Yes;No;1;5
40,3;3,2;177,7;94,3;0;Yes;No;1;5
40,3;-3,2;182,3;94,3;0;Yes;No;1;5
50,8;-14,5;195,0;93,8;0;Yes;No;1;5
50,8;14,5;165,0;93,8;0;Yes;No;1;5
72,1;-16,7;216,1;93,6;0;Yes;No;1;5
72,1;16,7;143,9;93,6;0;Yes;No;1;5
32,8;22,5;167,8;93,4;0;Yes;No;1;5
32,8;-22,5;192,2;93,4;0;Yes;No;1;5
57,3;-3,5;184,8;93,1;0;Yes;No;1;5
48,2;3,4;176,6;93,1;0;Yes;No;1;5
48,2;-3,4;183,4;93,1;0;Yes;No;1;5
57,3;3,5;175,2;93,1;0;Yes;No;1;5
39,0;0,0;180,0;93,0;0;Yes;No;1;5
39,5;-8,8;186,5;93,0;0;Yes;No;1;5
39,5;8,8;173,5;93,0;0;Yes;No;1;5
69,4;39,7;123,8;92,5;0;Yes;No;1;5
69,4;-39,7;236,3;92,5;0;Yes;No;1;5
48,3;11,0;168,8;92,2;0;Yes;No;1;5
48,3;-11,0;191,2;92,2;0;Yes;No;1;5
26,4;41,3;163,4;92,1;0;Yes;No;1;5
58,6;-14,0;200,1;92,1;0;Yes;No;1;5
26,4;-41,3;196,6;92,1;0;Yes;No;1;5
58,6;14,0;159,9;92,1;0;Yes;No;1;5
29,4;8,8;175,5;92,0;0;Yes;No;1;5
29,4;-8,8;184,5;92,0;0;Yes;No;1;5
64,5;0,0;180,0;91,5;0;Yes;No;1;5
19,5;-0,0;180,0;91,5;0;Yes;No;1;5
65,8;-9,9;200,1;91,1;0;Yes;No;1;5
65,8;9,9;159,9;91,1;0;Yes;No;1;5
63,6;-24,3;218,5;91,0;0;Yes;No;1;5
63,6;24,3;141,5;91,0;0;Yes;No;1;5
46,5;7,4;172,5;91,0;0;Yes;No;1;5
46,5;-7,4;187,5;91,0;0;Yes;No;1;5
45,4;-3,7;183,8;90,2;0;Yes;No;1;5
45,4;3,7;176,2;90,2;0;Yes;No;1;5
18,7;14,9;175,0;90,0;0;Yes;No;1;5
18,7;-14,9;185,0;90,0;0;Yes;No;1;5
45,0;-0,0;180,0;90,0;0;Yes;No;1;5
30,3;-26,5;194,7;89,8;0;Yes;No;1;5
30,3;26,5;165,3;89,8;0;Yes;No;1;5
63,1;-4,5;189,0;89,7;0;Yes;No;1;5
63,1;4,5;171,0;89,7;0;Yes;No;1;5
26,0;-45,8;199,5;89,6;0;Yes;No;1;5
26,0;45,8;160,5;89,6;0;Yes;No;1;5
62,9;-37,7;230,6;89,5;0;Yes;No;1;5
62,9;37,7;129,4;89,5;0;Yes;No;1;5
53,7;-6,6;189,2;89,1;0;Yes;No;1;5
53,7;6,6;170,8;89,1;0;Yes;No;1;5
73,2;9,0;150,9;88,8;0;Yes;No;1;5
73,2;-9,0;209,1;88,8;0;Yes;No;1;5
35,6;-12,2;189,1;88,6;0;Yes;No;1;5
35,6;12,2;170,9;88,6;0;Yes;No;1;5
70,5;0,0;180,0;88,5;0;Yes;No;1;5
25,5;-0,0;180,0;88,5;0;Yes;No;1;5
26,6;50,4;156,9;87,6;0;Yes;No;1;5
26,6;-50,4;203,1;87,6;0;Yes;No;1;5
33,7;-5,0;183,7;87,5;0;Yes;No;1;5
65,2;-15,6;213,1;87,5;0;Yes;No;1;5
65,2;15,6;146,9;87,5;0;Yes;No;1;5
33,7;5,0;176,3;87,5;0;Yes;No;1;5
53,1;-11,7;196,6;87,4;0;Yes;No;1;5
53,1;11,7;163,4;87,4;0;Yes;No;1;5
42,5;-3,5;183,6;87,3;0;Yes;No;1;5
42,5;3,5;176,4;87,3;0;Yes;No;1;5
51,0;0,0;180,0;87,0;0;Yes;No;1;5
57,9;22,2;145,8;87,0;0;Yes;No;1;5
57,9;-22,2;214,2;87,0;0;Yes;No;1;5
57,0;-35,3;225,1;86,9;0;Yes;No;1;5
57,0;35,3;134,9;86,9;0;Yes;No;1;5
69,3;-4,4;193,6;86,8;0;Yes;No;1;5
69,3;4,4;166,4;86,8;0;Yes;No;1;5
28,5;-30,7;197,6;86,6;0;Yes;No;1;5
28,5;30,7;162,4;86,6;0;Yes;No;1;5
28,7;55,0;152,3;86,1;0;Yes;No;1;5
28,7;-55,0;207,7;86,1;0;Yes;No;1;5
50,1;-2,5;183,4;86,0;0;Yes;No;1;5
50,1;2,5;176,6;86,0;0;Yes;No;1;5
23,0;11,1;174,3;85,5;0;Yes;No;1;5
31,5;0,0;180,0;85,5;0;Yes;No;1;5
23,0;-11,1;185,7;85,5;0;Yes;No;1;5
40,6;7,2;172,7;85,2;0;Yes;No;1;5
40,6;-7,2;187,3;85,2;0;Yes;No;1;5
32,6;59,5;146,5;85,1;0;Yes;No;1;5
32,6;-59,5;213,5;85,1;0;Yes;No;1;5
39,9;-2,8;182,8;84,8;0;Yes;No;1;5
39,9;2,8;177,2;84,8;0;Yes;No;1;5
51,9;32,6;140,3;84,8;0;Yes;No;1;5
51,9;-32,6;219,7;84,8;0;Yes;No;1;5
38,8;63,7;138,9;84,6;0;Yes;No;1;5
38,8;-63,7;221,1;84,6;0;Yes;No;1;5
32,1;15,9;168,1;84,5;0;Yes;No;1;5
32,1;-15,9;191,9;84,5;0;Yes;No;1;5
58,8;-8,8;197,8;84,4;0;Yes;No;1;5
58,8;8,8;162,2;84,4;0;Yes;No;1;5
68,4;22,1;127,3;84,4;0;Yes;No;1;5
68,4;-22,1;232,7;84,4;0;Yes;No;1;5
57,0;-0,0;180,0;84,0;0;Yes;No;1;5
12,0;0,0;180,0;84,0;0;Yes;No;1;5
27,6;-35,0;200,9;83,9;0;Yes;No;1;5
27,6;35,0;159,1;83,9;0;Yes;No;1;5
12,6;17,6;174,1;83,7;0;Yes;No;1;5
12,6;-17,6;185,9;83,7;0;Yes;No;1;5
39,5;-11,0;191,3;83,5;0;Yes;No;1;5
39,5;11,0;168,8;83,5;0;Yes;No;1;5
52,6;-19,8;209,7;83,3;0;Yes;No;1;5
52,6;19,8;150,3;83,3;0;Yes;No;1;5
47,5;29,5;145,6;83,2;0;Yes;No;1;5
47,5;-29,5;214,4;83,2;0;Yes;No;1;5
47,5;-4,7;186,5;83,2;0;Yes;No;1;5
47,5;4,7;173,5;83,2;0;Yes;No;1;5
38,1;-1,5;181,5;83,1;0;Yes;No;1;5
38,1;1,5;178,5;83,1;0;Yes;No;1;5
47,9;9,2;167,1;82,9;0;Yes;No;1;5
47,9;-9,2;192,9;82,9;0;Yes;No;1;5
55,7;3,9;172,3;82,5;0;Yes;No;1;5
37,5;0,0;180,0;82,5;0;Yes;No;1;5
55,7;-3,9;187,7;82,5;0;Yes;No;1;5
39,3;-14,9;195,4;82,3;0;Yes;No;1;5
39,3;14,9;164,6;82,3;0;Yes;No;1;5
44,1;26,1;150,7;82,1;0;Yes;No;1;5
44,1;-26,1;209,3;82,1;0;Yes;No;1;5
66,9;-33,2;244,2;81,7;0;Yes;No;1;5
40,0;-18,7;199,8;81,7;0;Yes;No;1;5
58,5;-14,2;209,8;81,7;0;Yes;No;1;5
40,0;18,7;160,2;81,7;0;Yes;No;1;5
65,8;8,5;152,6;81,7;0;Yes;No;1;5
65,8;-8,5;207,4;81,7;0;Yes;No;1;5
66,9;33,2;115,8;81,7;0;Yes;No;1;5
58,5;14,2;150,2;81,7;0;Yes;No;1;5
41,6;22,5;155,5;81,6;0;Yes;No;1;5
27,7;-39,5;204,8;81,6;0;Yes;No;1;5
41,6;-22,5;204,5;81,6;0;Yes;No;1;5
27,7;39,5;155,2;81,6;0;Yes;No;1;5
73,9;-5,4;216,8;81,1;0;Yes;No;1;5
73,9;5,4;143,2;81,1;0;Yes;No;1;5
18,0;-0,0;180,0;81,0;0;Yes;No;1;5
63,0;0,0;180,0;81,0;0;Yes;No;1;5
27,2;-7,1;185,2;80,9;0;Yes;No;1;5
27,2;7,1;174,8;80,9;0;Yes;No;1;5
29,4;19,8;164,9;80,7;0;Yes;No;1;5
29,4;-19,8;195,1;80,7;0;Yes;No;1;5
67,5;12,8;135,7;80,3;0;Yes;No;1;5
67,5;-12,8;224,3;80,3;0;Yes;No;1;5
35,2;5,8;174,1;80,0;0;Yes;No;1;5
35,2;-5,8;185,9;80,0;0;Yes;No;1;5
47,8;-17,1;205,0;80,0;0;Yes;No;1;5
47,8;17,1;155,0;80,0;0;Yes;No;1;5
29,0;-43,9;209,4;79,9;0;Yes;No;1;5
29,0;43,9;150,6;79,9;0;Yes;No;1;5
43,5;0,0;180,0;79,5;0;Yes;No;1;5
61,8;4,1;167,4;79,4;0;Yes;No;1;5
61,8;-4,1;192,6;79,4;0;Yes;No;1;5
16,9;-13,7;187,1;79,1;0;Yes;No;1;5
16,9;13,7;172,9;79,1;0;Yes;No;1;5
43,0;-1,3;181,8;79,0;0;Yes;No;1;5
61,5;-20,9;228,6;79,0;0;Yes;No;1;5
61,5;20,9;131,4;79,0;0;Yes;No;1;5
43,0;1,3;178,2;79,0;0;Yes;No;1;5
43,3;6,4;171,1;78,8;0;Yes;No;1;5
43,3;-6,4;188,9;78,8;0;Yes;No;1;5
51,4;-59,3;238,9;78,8;0;Yes;No;1;5
51,4;59,3;121,1;78,8;0;Yes;No;1;5
31,8;48,3;145,1;78,7;0;Yes;No;1;5
31,8;-48,3;214,9;78,7;0;Yes;No;1;5
42,8;-56,2;229,5;78,2;0;Yes;No;1;5
36,3;52,4;138,5;78,2;0;Yes;No;1;5
36,3;-52,4;221,5;78,2;0;Yes;No;1;5
42,8;56,2;130,5;78,2;0;Yes;No;1;5
69,0;0,0;180,0;78,0;0;Yes;No;1;5
24,0;0,0;180,0;78,0;0;Yes;No;1;5
51,9;7,6;164,8;77,9;0;Yes;No;1;5
51,9;-7,6;195,2;77,9;0;Yes;No;1;5
59,9;-31,8;238,6;77,7;0;Yes;No;1;5
59,9;31,8;121,4;77,7;0;Yes;No;1;5
41,5;2,5;176,6;77,5;0;Yes;No;1;5
6,8;20,7;172,9;77,5;0;Yes;No;1;5
6,8;-20,7;187,1;77,5;0;Yes;No;1;5
41,5;-2,5;183,4;77,5;0;Yes;No;1;5
27,4;23,9;161,3;77,4;0;Yes;No;1;5
27,4;-23,9;198,7;77,4;0;Yes;No;1;5
43,7;-14,1;200,2;77,2;0;Yes;No;1;5
43,7;14,1;159,8;77,2;0;Yes;No;1;5
68,3;2,8;162,3;76,9;0;Yes;No;1;5
68,3;-2,8;197,7;76,9;0;Yes;No;1;5
71,2;26,5;102,1;76,7;0;Yes;No;1;5
71,2;-26,5;257,9;76,7;0;Yes;No;1;5
49,5;0,0;180,0;76,5;0;Yes;No;1;5
4,5;0,0;180,0;76,5;0;Yes;No;1;5
31,4;3,3;176,7;76,3;0;Yes;No;1;5
31,4;-3,3;183,3;76,3;0;Yes;No;1;5
52,0;-12,6;206,1;76,0;0;Yes;No;1;5
71,0;7,5;123,9;76,0;0;Yes;No;1;5
71,0;-7,5;236,1;76,0;0;Yes;No;1;5
52,0;12,6;153,9;76,0;0;Yes;No;1;5
67,7;-16,3;244,1;75,5;0;Yes;No;1;5
67,7;16,3;115,9;75,5;0;Yes;No;1;5
31,2;9,2;170,7;75,4;0;Yes;No;1;5
31,2;-9,2;189,3;75,4;0;Yes;No;1;5
48,4;3,2;173,7;75,2;0;Yes;No;1;5
48,4;-3,2;186,3;75,2;0;Yes;No;1;5
39,3;-3,3;184,6;75,1;0;Yes;No;1;5
39,3;3,3;175,4;75,1;0;Yes;No;1;5
40,4;-10,9;195,3;75,0;0;Yes;No;1;5
30,0;0,0;180,0;75,0;0;Yes;No;1;5
40,4;10,9;164,7;75,0;0;Yes;No;1;5
58,5;-7,9;205,4;74,7;0;Yes;No;1;5
58,5;7,9;154,6;74,7;0;Yes;No;1;5
26,5;-28,1;202,9;74,7;0;Yes;No;1;5
26,5;28,1;157,1;74,7;0;Yes;No;1;5
20,9;-9,5;187,0;74,3;0;Yes;No;1;5
20,9;9,5;173,0;74,3;0;Yes;No;1;5
53,3;-30,0;232,7;74,2;0;Yes;No;1;5
53,3;30,0;127,3;74,2;0;Yes;No;1;5
54,9;-19,5;224,1;73,9;0;Yes;No;1;5
54,9;19,5;135,9;73,9;0;Yes;No;1;5
66,4;5,3;144,2;73,7;0;Yes;No;1;5
66,4;-5,3;215,8;73,7;0;Yes;No;1;5
60,2;-12,2;221,6;73,6;0;Yes;No;1;5
60,2;12,2;138,4;73,6;0;Yes;No;1;5
10,5;0,0;180,0;73,5;0;Yes;No;1;5
55,5;0,0;180,0;73,5;0;Yes;No;1;5
38,0;7,4;169,7;73,3;0;Yes;No;1;5
38,0;-7,4;190,3;73,3;0;Yes;No;1;5
59,8;-52,8;253,3;73,3;0;Yes;No;1;5
59,8;52,8;106,7;73,3;0;Yes;No;1;5
11,1;-16,7;188,8;72,8;0;Yes;No;1;5
11,1;16,7;171,2;72,8;0;Yes;No;1;5
26,7;-32,5;207,6;72,5;0;Yes;No;1;5
26,7;32,5;152,4;72,5;0;Yes;No;1;5
36,5;3,7;174,8;72,3;0;Yes;No;1;5
36,5;-3,7;185,2;72,3;0;Yes;No;1;5
54,4;3,7;168,5;72,0;0;Yes;No;1;5
54,4;-3,7;191,5;72,0;0;Yes;No;1;5
36,0;0,0;180,0;72,0;0;Yes;No;1;5
45,2;6,1;167,8;71,6;0;Yes;No;1;5
45,2;-6,1;192,2;71,6;0;Yes;No;1;5
1,3;-24,3;188,4;71,5;0;Yes;No;1;5
1,3;24,3;171,6;71,5;0;Yes;No;1;5
50,5;-51,0;243,7;71,5;0;Yes;No;1;5
50,5;51,0;116,3;71,5;0;Yes;No;1;5
63,7;-26,0;253,1;71,3;0;Yes;No;1;5
27,8;-12,8;193,2;71,3;0;Yes;No;1;5
27,8;12,8;166,8;71,3;0;Yes;No;1;5
63,7;26,0;106,9;71,3;0;Yes;No;1;5
47,3;-27,8;226,5;71,2;0;Yes;No;1;5
47,3;27,8;133,5;71,2;0;Yes;No;1;5
28,2;36,9;146,9;70,9;0;Yes;No;1;5
28,2;-36,9;213,1;70,9;0;Yes;No;1;5
45,8;-10,8;202,0;70,7;0;Yes;No;1;5
45,8;10,8;158,0;70,7;0;Yes;No;1;5
61,5;0,0;180,0;70,5;0;Yes;No;1;5
16,5;-0,0;180,0;70,5;0;Yes;No;1;5
42,5;-48,3;234,7;70,3;0;Yes;No;1;5
42,5;48,3;125,3;70,3;0;Yes;No;1;5
31,3;-41,1;219,4;70,0;0;Yes;No;1;5
31,3;41,1;140,6;70,0;0;Yes;No;1;5
71,5;8,8;79,2;69,8;0;Yes;No;1;5
71,5;-8,8;-79,2;69,8;0;Yes;No;1;5
36,0;45,0;133,4;69,8;0;Yes;No;1;5
36,0;-45,0;226,6;69,8;0;Yes;No;1;5
24,9;-5,3;185,3;69,6;0;Yes;No;1;5
24,9;5,3;174,7;69,6;0;Yes;No;1;5
67,5;8,8;103,3;69,6;0;Yes;No;1;5
67,5;-8,8;256,7;69,6;0;Yes;No;1;5
60,8;-2,7;197,1;69,4;0;Yes;No;1;5
60,8;2,7;162,9;69,4;0;Yes;No;1;5
33,6;3,6;175,1;69,4;0;Yes;No;1;5
33,6;-3,6;184,9;69,4;0;Yes;No;1;5
48,6;17,8;140,9;69,2;0;Yes;No;1;5
48,6;-17,8;219,1;69,2;0;Yes;No;1;5
60,4;-15,8;240,6;69,1;0;Yes;No;1;5
60,4;15,8;119,4;69,1;0;Yes;No;1;5
-3,0;0,0;180,0;69,0;0;Yes;No;1;5
42,0;0,0;180,0;69,0;0;Yes;No;1;5
42,2;25,2;139,7;68,8;0;Yes;No;1;5
42,2;-25,2;220,3;68,8;0;Yes;No;1;5
63,5;-7,4;234,6;68,7;0;Yes;No;1;5
63,5;7,4;125,4;68,7;0;Yes;No;1;5
67,7;-18,0;267,5;68,5;0;Yes;No;1;5
67,7;18,0;92,5;68,5;0;Yes;No;1;5
64,9;44,9;94,9;68,4;0;Yes;No;1;5
64,9;-44,9;265,1;68,4;0;Yes;No;1;5
41,2;-2,3;184,6;68,1;0;Yes;No;1;5
41,2;2,3;175,4;68,1;0;Yes;No;1;5
15,0;-12,2;189,1;68,0;0;Yes;No;1;5
15,0;12,2;170,9;68,0;0;Yes;No;1;5
51,2;7,2;157,0;67,7;0;Yes;No;1;5
51,2;-7,2;203,0;67,7;0;Yes;No;1;5
25,3;16,8;162,5;67,7;0;Yes;No;1;5
25,3;-16,8;197,5;67,7;0;Yes;No;1;5
67,5;0,0;247,5;67,5;0;Yes;No;1;5
67,5;0,0;135,0;67,5;0;Yes;No;1;5
67,5;0,0;-90,0;67,5;0;Yes;No;1;5
67,5;0,0;180,0;67,5;0;Yes;No;1;5
67,5;0,0;157,5;67,5;0;Yes;No;1;5
67,5;0,0;112,5;67,5;0;Yes;No;1;5
67,5;0,0;90,0;67,5;0;Yes;No;1;5
67,5;0,0;0,0;67,5;0;Yes;No;1;5
67,5;0,0;22,5;67,5;0;Yes;No;1;5
67,5;0,0;45,0;67,5;0;Yes;No;1;5
67,5;0,0;67,5;67,5;0;Yes;No;1;5
67,5;0,0;-22,5;67,5;0;Yes;No;1;5
67,5;0,0;-45,0;67,5;0;Yes;No;1;5
67,5;0,0;-67,5;67,5;0;Yes;No;1;5
32,2;7,3;169,8;67,5;0;Yes;No;1;5
22,5;-0,0;180,0;67,5;0;Yes;No;1;5
67,5;0,0;225,0;67,5;0;Yes;No;1;5
32,2;-7,3;190,2;67,5;0;Yes;No;1;5
67,5;0,0;202,5;67,5;0;Yes;No;1;5
53,1;11,4;141,6;67,1;0;Yes;No;1;5
53,1;-11,4;218,4;67,1;0;Yes;No;1;5
37,9;22,1;146,0;67,1;0;Yes;No;1;5
37,9;-22,1;214,0;67,1;0;Yes;No;1;5
31,0;2,8;176,1;66,9;0;Yes;No;1;5
31,0;-2,8;183,9;66,9;0;Yes;No;1;5
5,7;-20,1;190,8;66,8;0;Yes;No;1;5
5,7;20,1;169,2;66,8;0;Yes;No;1;5
59,0;-5,1;214,5;66,4;0;Yes;No;1;5
59,0;5,1;145,5;66,4;0;Yes;No;1;5
31,8;11,2;164,2;66,3;0;Yes;No;1;5
31,8;-11,2;195,8;66,3;0;Yes;No;1;5
56,3;-25,2;247,6;66,3;0;Yes;No;1;5
56,3;25,2;112,4;66,3;0;Yes;No;1;5
74,2;-4,1;-27,2;66,2;0;Yes;No;1;5
74,2;4,1;27,2;66,2;0;Yes;No;1;5
34,7;18,7;152,3;66,1;0;Yes;No;1;5
34,7;-18,7;207,7;66,1;0;Yes;No;1;5
3,0;0,0;180,0;66,0;0;Yes;No;1;5
48,0;0,0;180,0;66,0;0;Yes;No;1;5
-3,7;-28,3;190,1;65,8;0;Yes;No;1;5
-3,7;28,3;169,9;65,8;0;Yes;No;1;5
32,7;15,0;158,4;65,8;0;Yes;No;1;5
32,7;-15,0;201,6;65,8;0;Yes;No;1;5
40,1;8,7;162,6;65,7;0;Yes;No;1;5
40,1;-8,7;197,4;65,7;0;Yes;No;1;5
38,7;4,4;171,2;65,4;0;Yes;No;1;5
38,7;-4,4;188,8;65,4;0;Yes;No;1;5
55,8;-44,2;256,5;65,3;0;Yes;No;1;5
55,8;44,2;103,5;65,3;0;Yes;No;1;5
29,2;-1,6;182,2;65,1;0;Yes;No;1;5
29,2;1,6;177,8;65,1;0;Yes;No;1;5
42,7;15,8;146,3;64,9;0;Yes;No;1;5
42,7;-15,8;213,7;64,9;0;Yes;No;1;5
47,0;3,3;169,8;64,7;0;Yes;No;1;5
23,9;20,9;157,5;64,7;0;Yes;No;1;5
23,9;-20,9;202,5;64,7;0;Yes;No;1;5
47,0;-3,3;190,2;64,7;0;Yes;No;1;5
67,8;35,9;84,4;64,5;0;Yes;No;1;5
67,8;-35,9;-84,4;64,5;0;Yes;No;1;5
28,5;0,0;180,0;64,5;0;Yes;No;1;5
73,5;0,0;0,0;64,5;0;Yes;No;1;5
68,6;-7,4;-54,7;63,4;0;Yes;No;1;5
68,6;7,4;54,7;63,4;0;Yes;No;1;5
18,6;7,7;172,2;63,1;0;Yes;No;1;5
18,6;-7,7;187,8;63,1;0;Yes;No;1;5
54,0;0,0;180,0;63,0;0;Yes;No;1;5
9,0;0,0;180,0;63,0;0;Yes;No;1;5
53,1;15,2;123,4;62,9;0;Yes;No;1;5
53,1;-15,2;236,6;62,9;0;Yes;No;1;5
47,1;-42,7;247,5;62,8;0;Yes;No;1;5
47,1;42,7;112,5;62,8;0;Yes;No;1;5
64,0;-8,9;-81,0;62,6;0;Yes;No;1;5
64,0;8,9;81,0;62,6;0;Yes;No;1;5
23,8;-25,3;208,2;62,4;0;Yes;No;1;5
60,0;8,7;105,3;62,4;0;Yes;No;1;5
23,8;25,3;151,8;62,4;0;Yes;No;1;5
60,0;-8,7;254,7;62,4;0;Yes;No;1;5
26,6;6,0;171,6;62,2;0;Yes;No;1;5
26,6;-6,0;188,4;62,2;0;Yes;No;1;5
60,2;-17,9;263,6;62,2;0;Yes;No;1;5
60,2;17,9;96,4;62,2;0;Yes;No;1;5
53,4;-2,5;196,3;62,0;0;Yes;No;1;5
69,0;26,1;74,4;62,0;0;Yes;No;1;5
53,4;2,5;163,7;62,0;0;Yes;No;1;5
69,0;-26,1;-74,4;62,0;0;Yes;No;1;5
9,4;-15,4;191,6;61,9;0;Yes;No;1;5
9,4;15,4;168,4;61,9;0;Yes;No;1;5
49,2;-24,1;241,6;61,7;0;Yes;No;1;5
49,2;24,1;118,4;61,7;0;Yes;No;1;5
69,2;-16,4;-64,5;61,6;0;Yes;No;1;5
69,2;16,4;64,5;61,6;0;Yes;No;1;5
-10,5;0,0;180,0;61,5;0;Yes;No;1;5
56,1;7,2;127,3;61,5;0;Yes;No;1;5
34,5;-0,0;180,0;61,5;0;Yes;No;1;5
56,1;-7,2;232,7;61,5;0;Yes;No;1;5
37,5;-13,3;207,7;61,2;0;Yes;No;1;5
37,5;13,3;152,3;61,2;0;Yes;No;1;5
34,9;-6,2;192,3;61,2;0;Yes;No;1;5
34,9;6,2;167,7;61,2;0;Yes;No;1;5
39,4;40,5;121,5;61,1;0;Yes;No;1;5
39,4;-40,5;238,5;61,1;0;Yes;No;1;5
0,9;24,1;166,8;61,1;0;Yes;No;1;5
0,9;-24,1;193,2;61,1;0;Yes;No;1;5
34,0;1,3;177,5;61,0;0;Yes;No;1;5
34,0;-1,3;182,5;61,0;0;Yes;No;1;5
44,0;-6,4;200,2;60,9;0;Yes;No;1;5
44,0;6,4;159,8;60,9;0;Yes;No;1;5
46,0;-10,5;214,6;60,8;0;Yes;No;1;5
46,0;10,5;145,4;60,8;0;Yes;No;1;5
25,2;-29,6;214,6;60,8;0;Yes;No;1;5
25,2;29,6;145,4;60,8;0;Yes;No;1;5
-8,0;-33,0;192,2;60,4;0;Yes;No;1;5
-8,0;33,0;167,8;60,4;0;Yes;No;1;5
33,0;-37,4;229,9;60,2;0;Yes;No;1;5
33,0;37,4;130,1;60,2;0;Yes;No;1;5
28,3;-33,7;221,8;60,1;0;Yes;No;1;5
28,3;33,7;138,2;60,1;0;Yes;No;1;5
60,0;0,0;-45,0;60,0;0;Yes;No;1;5
60,0;0,0;-67,5;60,0;0;Yes;No;1;5
60,0;0,0;67,5;60,0;0;Yes;No;1;5
60,0;0,0;90,0;60,0;0;Yes;No;1;5
60,0;0,0;22,5;60,0;0;Yes;No;1;5
60,0;0,0;112,5;60,0;0;Yes;No;1;5
60,0;0,0;157,5;60,0;0;Yes;No;1;5
15,0;0,0;180,0;60,0;0;Yes;No;1;5
60,0;0,0;180,0;60,0;0;Yes;No;1;5
59,1;36,0;91,6;60,0;0;Yes;No;1;5
59,1;-36,0;268,4;60,0;0;Yes;No;1;5
60,0;0,0;45,0;60,0;0;Yes;No;1;5
60,0;0,0;247,5;60,0;0;Yes;No;1;5
60,0;0,0;-22,5;60,0;0;Yes;No;1;5
60,0;0,0;225,0;60,0;0;Yes;No;1;5
60,0;0,0;202,5;60,0;0;Yes;No;1;5
60,0;0,0;135,0;60,0;0;Yes;No;1;5
60,0;0,0;0,0;60,0;0;Yes;No;1;5
60,0;0,0;-90,0;60,0;0;Yes;No;1;5
32,6;2,4;175,2;59,5;0;Yes;No;1;5
32,6;-2,4;184,8;59,5;0;Yes;No;1;5
51,5;4,9;147,0;59,0;0;Yes;No;1;5
51,5;-4,9;213,0;59,0;0;Yes;No;1;5
66,7;4,3;28,1;58,7;0;Yes;No;1;5
66,7;-4,3;-28,1;58,7;0;Yes;No;1;5
40,5;-0,0;180,0;58,5;0;Yes;No;1;5
-4,5;0,0;180,0;58,5;0;Yes;No;1;5
22,5;-3,5;184,8;58,4;0;Yes;No;1;5
22,5;3,5;175,2;58,4;0;Yes;No;1;5
33,2;10,5;158,7;58,2;0;Yes;No;1;5
33,2;-10,5;201,3;58,2;0;Yes;No;1;5
73,2;-9,9;-32,6;58,1;0;Yes;No;1;5
73,2;9,9;32,6;58,1;0;Yes;No;1;5
23,2;9,6;166,5;58,0;0;Yes;No;1;5
23,2;-9,6;193,5;58,0;0;Yes;No;1;5
42,5;-22,6;234,8;57,7;0;Yes;No;1;5
42,5;22,6;125,2;57,7;0;Yes;No;1;5
39,6;2,8;171,5;57,4;0;Yes;No;1;5
39,6;-2,8;188,5;57,4;0;Yes;No;1;5
30,4;3,3;173,5;57,3;0;Yes;No;1;5
30,4;-3,3;186,5;57,3;0;Yes;No;1;5
46,0;-14,3;231,9;57,0;0;Yes;No;1;5
46,0;14,3;128,1;57,0;0;Yes;No;1;5
21,0;0,0;180,0;57,0;0;Yes;No;1;5
66,0;0,0;0,0;57,0;0;Yes;No;1;5
12,8;10,5;169,3;56,8;0;Yes;No;1;5
12,8;-10,5;190,7;56,8;0;Yes;No;1;5
60,9;26,6;79,9;56,3;0;Yes;No;1;5
60,9;-26,6;-79,9;56,3;0;Yes;No;1;5
50,5;-35,6;260,3;56,2;0;Yes;No;1;5
50,5;35,6;99,7;56,2;0;Yes;No;1;5
61,0;-7,5;-56,4;56,1;0;Yes;No;1;5
61,0;7,5;56,4;56,1;0;Yes;No;1;5
52,7;-17,7;259,0;56,0;0;Yes;No;1;5
4,5;19,2;165,3;56,0;0;Yes;No;1;5
4,5;-19,2;194,7;56,0;0;Yes;No;1;5
52,7;17,7;101,0;56,0;0;Yes;No;1;5
29,8;7,3;165,5;55,9;0;Yes;No;1;5
29,8;-7,3;194,5;55,9;0;Yes;No;1;5
-3,1;28,8;163,8;55,7;0;Yes;No;1;5
-3,1;-28,8;196,2;55,7;0;Yes;No;1;5
1,5;0,0;180,0;55,5;0;Yes;No;1;5
46,5;0,0;180,0;55,5;0;Yes;No;1;5
-11,3;38,4;165,1;55,4;0;Yes;No;1;5
56,5;-8,9;-83,3;55,4;0;Yes;No;1;5
56,5;8,9;83,3;55,4;0;Yes;No;1;5
-11,3;-38,4;194,9;55,4;0;Yes;No;1;5
52,6;-8,6;252,2;55,3;0;Yes;No;1;5
52,6;8,6;107,8;55,3;0;Yes;No;1;5
61,5;16,8;68,1;54,9;0;Yes;No;1;5
61,5;-16,8;-68,1;54,9;0;Yes;No;1;5
39,2;-9,2;210,1;54,7;0;Yes;No;1;5
39,2;9,2;149,9;54,7;0;Yes;No;1;5
45,9;2,4;164,6;54,6;0;Yes;No;1;5
45,9;-2,4;195,4;54,6;0;Yes;No;1;5
20,8;-13,6;199,4;54,5;0;Yes;No;1;5
27,7;3,7;172,7;54,5;0;Yes;No;1;5
27,7;-3,7;187,3;54,5;0;Yes;No;1;5
20,8;13,6;160,6;54,5;0;Yes;No;1;5
48,6;-7,0;230,4;54,4;0;Yes;No;1;5
48,6;7,0;129,6;54,4;0;Yes;No;1;5
36,5;-20,6;227,5;54,3;0;Yes;No;1;5
36,5;20,6;132,5;54,3;0;Yes;No;1;5
37,0;5,4;163,2;54,2;0;Yes;No;1;5
37,0;-5,4;196,8;54,2;0;Yes;No;1;5
-18,0;0,0;180,0;54,0;0;Yes;No;1;5
27,0;0,0;180,0;54,0;0;Yes;No;1;5
72,0;-0,0;-0,0;54,0;0;Yes;No;1;5
42,1;-34,5;251,3;53,0;0;Yes;No;1;5
42,1;34,5;108,7;53,0;0;Yes;No;1;5
7,5;0,0;180,0;52,5;0;Yes;No;1;5
52,5;0,0;135,0;52,5;0;Yes;No;1;5
52,5;0,0;45,0;52,5;0;Yes;No;1;5
52,5;0,0;67,5;52,5;0;Yes;No;1;5
52,5;0,0;180,0;52,5;0;Yes;No;1;5
52,5;0,0;225,0;52,5;0;Yes;No;1;5
52,5;0,0;0,0;52,5;0;Yes;No;1;5
52,5;0,0;202,5;52,5;0;Yes;No;1;5
52,5;0,0;22,5;52,5;0;Yes;No;1;5
52,5;0,0;-45,0;52,5;0;Yes;No;1;5
52,5;0,0;112,5;52,5;0;Yes;No;1;5
52,5;0,0;90,0;52,5;0;Yes;No;1;5
52,5;0,0;157,5;52,5;0;Yes;No;1;5
52,5;0,0;-67,5;52,5;0;Yes;No;1;5
52,5;0,0;247,5;52,5;0;Yes;No;1;5
52,5;0,0;-22,5;52,5;0;Yes;No;1;5
52,5;0,0;-90,0;52,5;0;Yes;No;1;5
16,2;-5,8;188,0;51,8;0;Yes;No;1;5
16,2;5,8;172,0;51,8;0;Yes;No;1;5
31,3;-18,0;219,6;51,8;0;Yes;No;1;5
44,1;4,7;148,9;51,8;0;Yes;No;1;5
44,1;-4,7;211,1;51,8;0;Yes;No;1;5
20,0;17,8;153,7;51,8;0;Yes;No;1;5
20,0;-17,8;206,3;51,8;0;Yes;No;1;5
31,3;18,0;140,4;51,8;0;Yes;No;1;5
24,8;-3,6;187,1;51,6;0;Yes;No;1;5
24,8;3,6;172,9;51,6;0;Yes;No;1;5
39,2;13,2;133,7;51,5;0;Yes;No;1;5
39,2;-13,2;226,3;51,5;0;Yes;No;1;5
59,1;4,4;29,1;51,3;0;Yes;No;1;5
59,1;-4,4;-29,1;51,3;0;Yes;No;1;5
52,7;-27,0;-86,5;51,1;0;Yes;No;1;5
52,7;27,0;86,5;51,1;0;Yes;No;1;5
-13,2;-44,6;198,7;51,1;0;Yes;No;1;5
-13,2;44,6;161,3;51,1;0;Yes;No;1;5
33,0;-0,0;180,0;51,0;0;Yes;No;1;5
-12,0;0,0;180,0;51,0;0;Yes;No;1;5
-5,9;34,2;159,8;50,9;0;Yes;No;1;5
-5,9;-34,2;200,2;50,9;0;Yes;No;1;5
71,7;-17,7;-38,7;50,9;0;Yes;No;1;5
71,7;17,7;38,7;50,9;0;Yes;No;1;5
7,6;-14,0;194,4;50,8;0;Yes;No;1;5
65,5;-10,5;-34,7;50,8;0;Yes;No;1;5
65,5;10,5;34,7;50,8;0;Yes;No;1;5
7,6;14,0;165,6;50,8;0;Yes;No;1;5
34,6;32,6;118,3;50,7;0;Yes;No;1;5
34,6;-32,6;241,7;50,7;0;Yes;No;1;5
0,6;-23,7;198,6;50,6;0;Yes;No;1;5
0,6;23,7;161,4;50,6;0;Yes;No;1;5
45,2;17,3;106,6;50,3;0;Yes;No;1;5
45,2;-17,3;253,4;50,3;0;Yes;No;1;5
32,3;-2,1;186,4;50,2;0;Yes;No;1;5
27,4;-14,8;211,3;50,2;0;Yes;No;1;5
27,4;14,8;148,7;50,2;0;Yes;No;1;5
32,3;2,1;173,6;50,2;0;Yes;No;1;5
24,0;-7,4;194,8;50,1;0;Yes;No;1;5
24,0;7,4;165,2;50,1;0;Yes;No;1;5
20,8;-22,1;214,0;50,0;0;Yes;No;1;5
20,8;22,1;146,0;50,0;0;Yes;No;1;5
24,9;11,2;157,0;49,6;0;Yes;No;1;5
24,9;-11,2;203,0;49,6;0;Yes;No;1;5
58,5;0,0;0,0;49,5;0;Yes;No;1;5
13,5;0,0;180,0;49,5;0;Yes;No;1;5
28,2;-29,8;232,1;49,4;0;Yes;No;1;5
28,2;29,8;127,9;49,4;0;Yes;No;1;5
23,6;26,2;137,3;49,2;0;Yes;No;1;5
23,6;-26,2;222,7;49,2;0;Yes;No;1;5
32,8;-7,7;204,6;49,1;0;Yes;No;1;5
32,8;7,7;155,4;49,1;0;Yes;No;1;5
22,1;-2,9;185,7;49,0;0;Yes;No;1;5
22,1;2,9;174,3;49,0;0;Yes;No;1;5
53,5;-7,7;-58,5;48,8;0;Yes;No;1;5
53,5;7,7;58,5;48,8;0;Yes;No;1;5
53,7;-17,2;-72,7;48,4;0;Yes;No;1;5
53,7;17,2;72,7;48,4;0;Yes;No;1;5
48,9;9,0;86,2;48,3;0;Yes;No;1;5
48,9;-9,0;-86,2;48,3;0;Yes;No;1;5
45,1;8,4;110,9;48,3;0;Yes;No;1;5
45,1;-8,4;249,1;48,3;0;Yes;No;1;5
-6,0;0,0;180,0;48,0;0;Yes;No;1;5
39,0;0,0;180,0;48,0;0;Yes;No;1;5
30,2;4,0;167,4;47,8;0;Yes;No;1;5
30,2;-4,0;192,6;47,8;0;Yes;No;1;5
-12,7;51,6;155,8;47,5;0;Yes;No;1;5
-12,7;-51,6;204,2;47,5;0;Yes;No;1;5
41,2;6,7;132,6;47,3;0;Yes;No;1;5
41,2;-6,7;227,4;47,3;0;Yes;No;1;5
20,2;-1,6;183,2;47,2;0;Yes;No;1;5
20,2;1,6;176,8;47,2;0;Yes;No;1;5
38,4;-2,2;194,2;47,1;0;Yes;No;1;5
38,4;2,2;165,8;47,1;0;Yes;No;1;5
-6,8;40,3;154,4;46,7;0;Yes;No;1;5
-6,8;-40,3;205,6;46,7;0;Yes;No;1;5
19,5;0,0;180,0;46,5;0;Yes;No;1;5
32,7;-11,7;219,5;46,5;0;Yes;No;1;5
64,5;0,0;0,0;46,5;0;Yes;No;1;5
-25,5;0,0;180,0;46,5;0;Yes;No;1;5
32,7;11,7;140,5;46,5;0;Yes;No;1;5
44,3;26,9;94,5;46,4;0;Yes;No;1;5
44,3;-26,9;265,5;46,4;0;Yes;No;1;5
-2,0;29,0;156,3;45,8;0;Yes;No;1;5
-2,0;-29,0;203,7;45,8;0;Yes;No;1;5
10,5;-8,6;192,1;45,6;0;Yes;No;1;5
10,5;8,6;167,9;45,6;0;Yes;No;1;5
3,3;-18,1;199,1;45,2;0;Yes;No;1;5
69,2;-27,7;-46,2;45,2;0;Yes;No;1;5
69,2;27,7;46,2;45,2;0;Yes;No;1;5
3,3;18,1;160,9;45,2;0;Yes;No;1;5
45,0;0,0;112,5;45,0;0;Yes;No;1;5
45,0;0,0;90,0;45,0;0;Yes;No;1;5
45,0;0,0;180,0;45,0;0;Yes;No;1;5
45,0;0,0;157,5;45,0;0;Yes;No;1;5
45,0;0,0;135,0;45,0;0;Yes;No;1;5
37,9;16,6;113,5;45,0;0;Yes;No;1;5
45,0;0,0;-22,5;45,0;0;Yes;No;1;5
45,0;0,0;-45,0;45,0;0;Yes;No;1;5
45,0;0,0;0,0;45,0;0;Yes;No;1;5
45,0;0,0;67,5;45,0;0;Yes;No;1;5
45,0;0,0;247,5;45,0;0;Yes;No;1;5
45,0;0,0;-90,0;45,0;0;Yes;No;1;5
45,0;0,0;202,5;45,0;0;Yes;No;1;5
45,0;0,0;22,5;45,0;0;Yes;No;1;5
45,0;0,0;45,0;45,0;0;Yes;No;1;5
37,9;-16,6;246,5;45,0;0;Yes;No;1;5
45,0;0,0;-67,5;45,0;0;Yes;No;1;5
45,0;0,0;225,0;45,0;0;Yes;No;1;5
0,0;0,0;180,0;45,0;0;Yes;No;1;5
-8,3;-59,0;212,8;44,7;0;Yes;No;1;5
-8,3;59,0;147,2;44,7;0;Yes;No;1;5
18,3;6,3;167,4;44,6;0;Yes;No;1;5
18,3;-6,3;192,6;44,6;0;Yes;No;1;5
36,6;-4,3;208,6;44,5;0;Yes;No;1;5
36,6;4,3;151,4;44,5;0;Yes;No;1;5
63,7;19,1;42,7;44,2;0;Yes;No;1;5
63,7;-19,1;-42,7;44,2;0;Yes;No;1;5
26,8;-5,7;198,0;43,9;0;Yes;No;1;5
51,6;4,6;30,5;43,9;0;Yes;No;1;5
51,6;-4,6;-30,5;43,9;0;Yes;No;1;5
26,8;5,7;162,0;43,9;0;Yes;No;1;5
57,9;-11,2;-37,4;43,7;0;Yes;No;1;5
57,9;11,2;37,4;43,7;0;Yes;No;1;5
-19,5;0,0;180,0;43,5;0;Yes;No;1;5
25,5;0,0;180,0;43,5;0;Yes;No;1;5
70,5;0,0;0,0;43,5;0;Yes;No;1;5
-4,8;47,2;146,7;43,3;0;Yes;No;1;5
-4,8;-47,2;213,3;43,3;0;Yes;No;1;5
3,1;-66,2;227,5;43,1;0;Yes;No;1;5
3,1;66,2;132,5;43,1;0;Yes;No;1;5
25,1;1,2;176,3;43,0;0;Yes;No;1;5
25,1;-1,2;183,7;43,0;0;Yes;No;1;5
26,1;71,2;107,5;42,7;0;Yes;No;1;5
26,1;-71,2;252,5;42,7;0;Yes;No;1;5
36,2;-26,3;256,1;42,5;0;Yes;No;1;5
36,2;26,3;103,9;42,5;0;Yes;No;1;5
27,0;-9,6;211,5;42,3;0;Yes;No;1;5
27,0;9,6;148,5;42,3;0;Yes;No;1;5
45,8;-17,7;-78,5;42,2;0;Yes;No;1;5
45,8;17,7;78,5;42,2;0;Yes;No;1;5
51,0;0,0;0,0;42,0;0;Yes;No;1;5
6,0;0,0;180,0;42,0;0;Yes;No;1;5
56,1;-62,1;-73,8;41,8;0;Yes;No;1;5
56,1;62,1;73,8;41,8;0;Yes;No;1;5
45,9;7,9;61,4;41,6;0;Yes;No;1;5
23,8;2,3;172,9;41,6;0;Yes;No;1;5
45,9;-7,9;-61,4;41,6;0;Yes;No;1;5
-2,5;-35,1;210,7;41,6;0;Yes;No;1;5
-2,5;35,1;149,3;41,6;0;Yes;No;1;5
23,8;-2,3;187,1;41,6;0;Yes;No;1;5
37,7;8,2;115,0;41,5;0;Yes;No;1;5
37,7;-8,2;245,0;41,5;0;Yes;No;1;5
41,4;9,0;90,0;41,4;0;Yes;No;1;5
41,4;-9,0;-90,0;41,4;0;Yes;No;1;5
64,3;-39,7;-56,3;41,2;0;Yes;No;1;5
64,3;39,7;56,3;41,2;0;Yes;No;1;5
16,0;-10,3;200,9;41,1;0;Yes;No;1;5
16,0;10,3;159,1;41,1;0;Yes;No;1;5
1,7;54,1;135,4;41,0;0;Yes;No;1;5
1,7;-54,1;224,6;41,0;0;Yes;No;1;5
13,8;3,8;172,6;40,5;0;Yes;No;1;5
31,5;0,0;180,0;40,5;0;Yes;No;1;5
13,8;-3,8;187,4;40,5;0;Yes;No;1;5
-13,5;0,0;180,0;40,5;0;Yes;No;1;5
31,0;-15,4;238,1;40,4;0;Yes;No;1;5
33,9;-6,2;223,5;40,4;0;Yes;No;1;5
31,0;15,4;121,9;40,4;0;Yes;No;1;5
33,9;6,2;136,5;40,4;0;Yes;No;1;5
34,4;-62,8;263,4;40,2;0;Yes;No;1;5
0,5;-23,2;205,3;40,2;0;Yes;No;1;5
0,5;23,2;154,7;40,2;0;Yes;No;1;5
34,4;62,8;96,6;40,2;0;Yes;No;1;5
14,6;-59,9;241,3;39,9;0;Yes;No;1;5
14,6;59,9;118,7;39,9;0;Yes;No;1;5
30,9;2,0;167,5;39,7;0;Yes;No;1;5
5,6;-12,3;197,5;39,7;0;Yes;No;1;5
5,6;12,3;162,5;39,7;0;Yes;No;1;5
30,9;-2,0;192,5;39,7;0;Yes;No;1;5
28,6;24,8;114,8;39,5;0;Yes;No;1;5
54,5;-52,5;-71,3;39,5;0;Yes;No;1;5
21,7;3,2;170,2;39,5;0;Yes;No;1;5
54,5;52,5;71,3;39,5;0;Yes;No;1;5
28,6;-24,8;245,2;39,5;0;Yes;No;1;5
21,7;-3,2;189,8;39,5;0;Yes;No;1;5
60,0;-30,2;-53,2;39,3;0;Yes;No;1;5
60,0;30,2;53,2;39,3;0;Yes;No;1;5
-33,0;0,0;180,0;39,0;0;Yes;No;1;5
12,0;0,0;180,0;39,0;0;Yes;No;1;5
57,0;0,0;0,0;39,0;0;Yes;No;1;5
22,3;-7,0;202,1;38,9;0;Yes;No;1;5
22,3;7,0;157,9;38,9;0;Yes;No;1;5
15,6;14,6;149,4;38,6;0;Yes;No;1;5
15,6;-14,6;210,6;38,6;0;Yes;No;1;5
0,3;-41,6;220,2;38,5;0;Yes;No;1;5
0,3;41,6;139,8;38,5;0;Yes;No;1;5
22,2;-22,3;233,5;37,8;0;Yes;No;1;5
22,2;22,3;126,5;37,8;0;Yes;No;1;5
55,3;20,8;48,1;37,7;0;Yes;No;1;5
55,3;-20,8;-48,1;37,7;0;Yes;No;1;5
37,5;0,0;-22,5;37,5;0;Yes;No;1;5
37,5;0,0;45,0;37,5;0;Yes;No;1;5
37,5;0,0;247,5;37,5;0;Yes;No;1;5
37,5;0,0;0,0;37,5;0;Yes;No;1;5
37,5;0,0;225,0;37,5;0;Yes;No;1;5
-7,5;0,0;180,0;37,5;0;Yes;No;1;5
37,5;0,0;67,5;37,5;0;Yes;No;1;5
37,5;0,0;157,5;37,5;0;Yes;No;1;5
37,5;0,0;22,5;37,5;0;Yes;No;1;5
37,5;0,0;202,5;37,5;0;Yes;No;1;5
37,5;0,0;180,0;37,5;0;Yes;No;1;5
37,5;0,0;-90,0;37,5;0;Yes;No;1;5
37,5;0,0;-67,5;37,5;0;Yes;No;1;5
37,5;0,0;90,0;37,5;0;Yes;No;1;5
17,7;18,7;138,3;37,5;0;Yes;No;1;5
37,5;0,0;-45,0;37,5;0;Yes;No;1;5
37,5;0,0;135,0;37,5;0;Yes;No;1;5
37,5;0,0;112,5;37,5;0;Yes;No;1;5
17,7;-18,7;221,7;37,5;0;Yes;No;1;5
29,3;3,9;154,8;37,4;0;Yes;No;1;5
29,3;-3,9;205,2;37,4;0;Yes;No;1;5
37,6;-54,0;-89,4;37,1;0;Yes;No;1;5
37,6;54,0;89,4;37,1;0;Yes;No;1;5
52,4;42,8;67,8;36,8;0;Yes;No;1;5
52,4;-42,8;-67,8;36,8;0;Yes;No;1;5
19,1;3,7;168,6;36,7;0;Yes;No;1;5
19,1;-3,7;191,4;36,7;0;Yes;No;1;5
24,7;-13,6;228,1;36,7;0;Yes;No;1;5
24,7;13,6;131,9;36,7;0;Yes;No;1;5
7,8;-47,9;233,5;36,6;0;Yes;No;1;5
50,1;-12,1;-41,2;36,6;0;Yes;No;1;5
50,1;12,1;41,2;36,6;0;Yes;No;1;5
7,8;47,9;126,5;36,6;0;Yes;No;1;5
37,7;-18,0;-86,1;36,5;0;Yes;No;1;5
37,7;18,0;86,1;36,5;0;Yes;No;1;5
44,1;-4,9;-32,4;36,5;0;Yes;No;1;5
44,1;4,9;32,4;36,5;0;Yes;No;1;5
20,8;52,5;109,1;36,1;0;Yes;No;1;5
0,1;-29,1;213,8;36,1;0;Yes;No;1;5
0,1;29,1;146,3;36,1;0;Yes;No;1;5
20,8;-52,5;250,9;36,1;0;Yes;No;1;5
18,0;0,0;180,0;36,0;0;Yes;No;1;5
-27,0;0,0;180,0;36,0;0;Yes;No;1;5
63,0;0,0;0,0;36,0;0;Yes;No;1;5
30,3;7,8;120,6;34,9;0;Yes;No;1;5
30,3;-7,8;239,4;34,9;0;Yes;No;1;5
33,9;-9,0;264,8;34,7;0;Yes;No;1;5
33,9;9,0;95,2;34,7;0;Yes;No;1;5
38,3;-8,2;-65,3;34,6;0;Yes;No;1;5
38,3;8,2;65,3;34,6;0;Yes;No;1;5
43,5;0,0;0,0;34,5;0;Yes;No;1;5
-1,5;0,0;180,0;34,5;0;Yes;No;1;5
2,1;16,9;155,3;34,4;0;Yes;No;1;5
2,1;-16,9;204,7;34,4;0;Yes;No;1;5
8,0;-6,6;193,2;34,2;0;Yes;No;1;5
19,8;-10,9;216,5;34,2;0;Yes;No;1;5
19,8;10,9;143,5;34,2;0;Yes;No;1;5
8,0;6,6;166,8;34,2;0;Yes;No;1;5
49,7;-32,9;-62,7;34,1;0;Yes;No;1;5
49,7;32,9;62,7;34,1;0;Yes;No;1;5
16,2;-3,7;191,4;33,8;0;Yes;No;1;5
16,2;3,7;168,6;33,8;0;Yes;No;1;5
26,6;5,6;141,9;33,7;0;Yes;No;1;5
26,6;-5,6;218,1;33,7;0;Yes;No;1;5
38,5;-44,8;-83,0;33,6;0;Yes;No;1;5
38,5;44,8;83,0;33,6;0;Yes;No;1;5
16,8;-7,5;203,9;33,2;0;Yes;No;1;5
16,8;7,5;156,1;33,2;0;Yes;No;1;5
3,2;35,4;134,7;33,1;0;Yes;No;1;5
3,2;-35,4;225,3;33,1;0;Yes;No;1;5
69,0;0,0;0,0;33,0;0;Yes;No;1;5
24,0;0,0;180,0;33,0;0;Yes;No;1;5
-21,0;0,0;180,0;33,0;0;Yes;No;1;5
23,5;-1,6;190,2;32,4;0;Yes;No;1;5
23,5;1,6;169,8;32,4;0;Yes;No;1;5
23,8;-44,4;258,7;31,7;0;Yes;No;1;5
23,8;44,4;101,2;31,7;0;Yes;No;1;5
29,6;-17,9;263,8;31,6;0;Yes;No;1;5
46,4;-22,9;-55,8;31,6;0;Yes;No;1;5
46,4;22,9;55,8;31,6;0;Yes;No;1;5
29,6;17,9;96,2;31,6;0;Yes;No;1;5
-40,5;0,0;180,0;31,5;0;Yes;No;1;5
49,5;0,0;0,0;31,5;0;Yes;No;1;5
11,2;41,0;119,5;31,5;0;Yes;No;1;5
11,2;-41,0;240,5;31,5;0;Yes;No;1;5
4,5;0,0;180,0;31,5;0;Yes;No;1;5
13,4;3,1;170,6;31,1;0;Yes;No;1;5
13,4;-3,1;189,4;31,1;0;Yes;No;1;5
22,1;3,1;159,7;30,5;0;Yes;No;1;5
22,1;-3,1;200,3;30,5;0;Yes;No;1;5
1,2;-22,6;214,9;30,1;0;Yes;No;1;5
1,2;22,6;145,1;30,1;0;Yes;No;1;5
30,0;0,0;-67,5;30,0;0;Yes;No;1;5
30,0;0,0;-45,0;30,0;0;Yes;No;1;5
30,0;0,0;135,0;30,0;0;Yes;No;1;5
30,0;0,0;112,5;30,0;0;Yes;No;1;5
30,0;0,0;202,5;30,0;0;Yes;No;1;5
30,0;0,0;225,0;30,0;0;Yes;No;1;5
30,0;0,0;247,5;30,0;0;Yes;No;1;5
30,0;0,0;-90,0;30,0;0;Yes;No;1;5
30,0;0,0;22,5;30,0;0;Yes;No;1;5
30,0;0,0;45,0;30,0;0;Yes;No;1;5
30,0;0,0;-22,5;30,0;0;Yes;No;1;5
30,0;0,0;0,0;30,0;0;Yes;No;1;5
75,0;0,0;0,0;30,0;0;Yes;No;1;5
-15,0;0,0;180,0;30,0;0;Yes;No;1;5
30,0;0,0;157,5;30,0;0;Yes;No;1;5
30,0;0,0;180,0;30,0;0;Yes;No;1;5
30,0;0,0;67,5;30,0;0;Yes;No;1;5
30,0;0,0;90,0;30,0;0;Yes;No;1;5
42,0;-13,3;-46,7;29,8;0;Yes;No;1;5
42,0;13,3;46,7;29,8;0;Yes;No;1;5
38,0;-35,2;-76,0;29,8;0;Yes;No;1;5
38,0;35,2;76,0;29,8;0;Yes;No;1;5
36,5;-5,2;-35,2;29,2;0;Yes;No;1;5
36,5;5,2;35,2;29,2;0;Yes;No;1;5
11,3;1,8;174,6;29,2;0;Yes;No;1;5
11,3;-1,8;185,4;29,2;0;Yes;No;1;5
23,1;-7,1;231,5;28,7;0;Yes;No;1;5
23,1;7,1;128,5;28,7;0;Yes;No;1;5
10,5;0,0;180,0;28,5;0;Yes;No;1;5
-34,5;0,0;180,0;28,5;0;Yes;No;1;5
3,5;10,5;158,6;28,5;0;Yes;No;1;5
3,5;-10,5;201,4;28,5;0;Yes;No;1;5
55,5;0,0;0,0;28,5;0;Yes;No;1;5
26,4;-8,8;257,3;28,4;0;Yes;No;1;5
26,4;8,8;102,7;28,4;0;Yes;No;1;5
-11,9;8,5;108,4;-9,0;0;Yes;No;1;5
-72,0;0,0;180,0;-9,0;0;Yes;No;1;5
18,0;0,0;0,0;-9,0;0;Yes;No;1;5
63,0;0,0;0,0;-9,0;0;Yes;No;1;5
-11,9;-8,5;251,6;-9,0;0;Yes;No;1;5
-27,0;0,0;180,0;-9,0;0;Yes;No;1;5
-1,5;0,0;-0,0;-10,5;0;Yes;No;1;5
-46,5;0,0;180,0;-10,5;0;Yes;No;1;5
43,5;0,0;0,0;-10,5;0;Yes;No;1;5
-2,7;2,3;14,4;-11,4;0;Yes;No;1;5
-2,7;-2,3;-14,4;-11,4;0;Yes;No;1;5
-21,0;0,0;180,0;-12,0;0;Yes;No;1;5
24,0;0,0;0,0;-12,0;0;Yes;No;1;5
-66,0;0,0;180,0;-12,0;0;Yes;No;1;5
-7,7;7,4;55,0;-12,9;0;Yes;No;1;5
-7,7;-7,4;-55,0;-12,9;0;Yes;No;1;5
49,5;0,0;0,0;-13,5;0;Yes;No;1;5
-40,5;0,0;180,0;-13,5;0;Yes;No;1;5
4,5;0,0;0,0;-13,5;0;Yes;No;1;5
-5,4;3,5;22,5;-13,8;0;Yes;No;1;5
-5,4;-3,5;-22,5;-13,8;0;Yes;No;1;5
-3,3;14,5;53,0;-14,0;0;Yes;No;1;5
-3,3;-14,5;-53,0;-14,0;0;Yes;No;1;5
-12,6;-17,9;-85,0;-14,2;0;Yes;No;1;5
-12,6;17,9;85,0;-14,2;0;Yes;No;1;5
-15,0;0,0;225,0;-15,0;0;Yes;No;1;5
-15,0;0,0;202,5;-15,0;0;Yes;No;1;5
-15,0;0,0;247,5;-15,0;0;Yes;No;1;5
-15,0;0,0;112,5;-15,0;0;Yes;No;1;5
-15,0;0,0;180,0;-15,0;0;Yes;No;1;5
-60,0;0,0;180,0;-15,0;0;Yes;No;1;5
-20,9;6,8;131,0;-15,0;0;Yes;No;1;5
-20,9;-6,8;229,0;-15,0;0;Yes;No;1;5
-15,0;0,0;-22,5;-15,0;0;Yes;No;1;5
-15,0;0,0;-45,0;-15,0;0;Yes;No;1;5
-15,0;0,0;-67,5;-15,0;0;Yes;No;1;5
30,0;-0,0;-0,0;-15,0;0;Yes;No;1;5
-15,0;0,0;45,0;-15,0;0;Yes;No;1;5
-15,0;0,0;67,5;-15,0;0;Yes;No;1;5
-15,0;0,0;22,5;-15,0;0;Yes;No;1;5
-15,0;0,0;-0,0;-15,0;0;Yes;No;1;5
-15,0;0,0;-90,0;-15,0;0;Yes;No;1;5
-15,0;0,0;90,0;-15,0;0;Yes;No;1;5
-15,0;0,0;157,5;-15,0;0;Yes;No;1;5
-15,0;0,0;135,0;-15,0;0;Yes;No;1;5
-14,9;8,9;82,8;-16,0;0;Yes;No;1;5
-14,9;-8,9;-82,8;-16,0;0;Yes;No;1;5
-34,5;0,0;180,0;-16,5;0;Yes;No;1;5
10,5;0,0;0,0;-16,5;0;Yes;No;1;5
55,5;0,0;0,0;-16,5;0;Yes;No;1;5
-8,4;3,7;24,4;-16,6;0;Yes;No;1;5
-8,4;-3,7;-24,4;-16,6;0;Yes;No;1;5
-1,6;-8,8;-28,3;-17,4;0;Yes;No;1;5
-1,6;8,8;28,3;-17,4;0;Yes;No;1;5
-23,9;-17,0;250,0;-17,8;0;Yes;No;1;5
-23,9;17,0;110,0;-17,8;0;Yes;No;1;5
36,0;0,0;0,0;-18,0;0;Yes;No;1;5
-54,0;0,0;180,0;-18,0;0;Yes;No;1;5
-9,0;0,0;0,0;-18,0;0;Yes;No;1;5
-12,5;6,8;48,4;-18,5;0;Yes;No;1;5
-12,5;-6,8;-48,4;-18,5;0;Yes;No;1;5
-11,2;3,5;22,5;-19,5;0;Yes;No;1;5
-73,5;0,0;180,0;-19,5;0;Yes;No;1;5
16,5;0,0;0,0;-19,5;0;Yes;No;1;5
-28,5;0,0;180,0;-19,5;0;Yes;No;1;5
-11,2;-3,5;-22,5;-19,5;0;Yes;No;1;5
-13,0;26,1;74,1;-20,1;0;Yes;No;1;5
-13,0;-26,1;-74,1;-20,1;0;Yes;No;1;5
-4,2;-21,7;-51,3;-20,7;0;Yes;No;1;5
-4,2;21,7;51,3;-20,7;0;Yes;No;1;5
42,0;-0,0;-0,0;-21,0;0;Yes;No;1;5
-48,0;-0,0;180,0;-21,0;0;Yes;No;1;5
-3,0;0,0;-0,0;-21,0;0;Yes;No;1;5
-22,8;8,9;99,3;-21,4;0;Yes;No;1;5
-22,8;-8,9;260,7;-21,4;0;Yes;No;1;5
-28,8;5,8;140,1;-21,9;0;Yes;No;1;5
-28,8;-5,8;219,9;-21,9;0;Yes;No;1;5
-13,4;-2,8;-18,3;-22,0;0;Yes;No;1;5
-13,4;2,8;18,3;-22,0;0;Yes;No;1;5
-25,0;26,9;96,2;-22,2;0;Yes;No;1;5
-25,0;-26,9;263,8;-22,2;0;Yes;No;1;5
-67,5;0,0;180,0;-22,5;0;Yes;No;1;5
-22,5;0,0;45,0;-22,5;0;Yes;No;1;5
-22,5;0,0;67,5;-22,5;0;Yes;No;1;5
22,5;0,0;0,0;-22,5;0;Yes;No;1;5
-22,5;0,0;90,0;-22,5;0;Yes;No;1;5
-22,5;0,0;202,5;-22,5;0;Yes;No;1;5
-22,5;0,0;-0,0;-22,5;0;Yes;No;1;5
-22,5;0,0;-22,5;-22,5;0;Yes;No;1;5
-22,5;0,0;22,5;-22,5;0;Yes;No;1;5
-22,5;0,0;112,5;-22,5;0;Yes;No;1;5
-22,5;0,0;180,0;-22,5;0;Yes;No;1;5
-22,5;0,0;-45,0;-22,5;0;Yes;No;1;5
-22,5;0,0;247,5;-22,5;0;Yes;No;1;5
-22,5;0,0;225,0;-22,5;0;Yes;No;1;5
-22,5;0,0;157,5;-22,5;0;Yes;No;1;5
-22,5;0,0;135,0;-22,5;0;Yes;No;1;5
-22,5;0,0;-67,5;-22,5;0;Yes;No;1;5
-22,5;0,0;-90,0;-22,5;0;Yes;No;1;5
-19,1;-8,2;-65,9;-22,7;0;Yes;No;1;5
-19,1;8,2;65,9;-22,7;0;Yes;No;1;5
-5,4;-4,5;-13,9;-22,9;0;Yes;No;1;5
-5,4;4,5;13,9;-22,9;0;Yes;No;1;5
-33,5;15,0;124,7;-23,4;0;Yes;No;1;5
-33,5;-15,0;235,3;-23,4;0;Yes;No;1;5
-16,5;-5,8;-39,7;-23,4;0;Yes;No;1;5
-16,5;5,8;39,7;-23,4;0;Yes;No;1;5
-1,5;-15,7;-33,5;-23,8;0;Yes;No;1;5
-1,5;15,7;33,5;-23,8;0;Yes;No;1;5
-15,1;2,0;12,8;-23,9;0;Yes;No;1;5
-15,1;-2,0;-12,8;-23,9;0;Yes;No;1;5
48,0;-0,0;-0,0;-24,0;0;Yes;No;1;5
3,0;0,0;0,0;-24,0;0;Yes;No;1;5
-42,0;0,0;180,0;-24,0;0;Yes;No;1;5
-16,2;1,0;6,5;-25,1;0;Yes;No;1;5
-16,2;-1,0;-6,5;-25,1;0;Yes;No;1;5
-11,2;-11,2;-37,4;-25,5;0;Yes;No;1;5
-16,5;0,0;-0,0;-25,5;0;Yes;No;1;5
-11,2;11,2;37,4;-25,5;0;Yes;No;1;5
-61,5;0,0;180,0;-25,5;0;Yes;No;1;5
28,5;0,0;0,0;-25,5;0;Yes;No;1;5
-15,2;-14,8;-54,4;-25,6;0;Yes;No;1;5
-15,2;14,8;54,4;-25,6;0;Yes;No;1;5
-12,6;-33,7;-66,9;-26,0;0;Yes;No;1;5
-12,6;33,7;66,9;-26,0;0;Yes;No;1;5
-36,4;-25,2;247,1;-26,3;0;Yes;No;1;5
-36,4;25,2;112,9;-26,3;0;Yes;No;1;5
-25,0;-36,0;-86,6;-27,0;0;Yes;No;1;5
9,0;0,0;0,0;-27,0;0;Yes;No;1;5
-36,0;0,0;180,0;-27,0;0;Yes;No;1;5
-25,0;36,0;86,6;-27,0;0;Yes;No;1;5
-4,3;-28,7;-48,8;-27,1;0;Yes;No;1;5
-4,3;28,7;48,8;-27,1;0;Yes;No;1;5
-19,7;4,6;30,2;-27,5;0;Yes;No;1;5
-19,7;-4,6;-30,2;-27,5;0;Yes;No;1;5
-10,8;-6,9;-21,9;-27,5;0;Yes;No;1;5
-10,8;6,9;21,9;-27,5;0;Yes;No;1;5
-30,6;8,5;108,8;-27,7;0;Yes;No;1;5
-30,6;-8,5;251,2;-27,7;0;Yes;No;1;5
-21,8;-17,0;-70,5;-27,8;0;Yes;No;1;5
-21,8;17,0;70,5;-27,8;0;Yes;No;1;5
